--
-- PostgreSQL database dump
--

-- Dumped from database version 15.12 (Debian 15.12-1.pgdg120+1)
-- Dumped by pg_dump version 15.12 (Debian 15.12-1.pgdg120+1)

SET statement_timeout = 0;
SET lock_timeout = 0;
SET idle_in_transaction_session_timeout = 0;
SET client_encoding = 'UTF8';
SET standard_conforming_strings = on;
SELECT pg_catalog.set_config('search_path', '', false);
SET check_function_bodies = false;
SET xmloption = content;
SET client_min_messages = warning;
SET row_security = off;

SET default_tablespace = '';

SET default_table_access_method = heap;

--
-- Name: auth_group; Type: TABLE; Schema: public; Owner: user
--

CREATE TABLE public.auth_group (
    id integer NOT NULL,
    name character varying(150) NOT NULL
);


ALTER TABLE public.auth_group OWNER TO "user";

--
-- Name: auth_group_id_seq; Type: SEQUENCE; Schema: public; Owner: user
--

ALTER TABLE public.auth_group ALTER COLUMN id ADD GENERATED BY DEFAULT AS IDENTITY (
    SEQUENCE NAME public.auth_group_id_seq
    START WITH 1
    INCREMENT BY 1
    NO MINVALUE
    NO MAXVALUE
    CACHE 1
);


--
-- Name: auth_group_permissions; Type: TABLE; Schema: public; Owner: user
--

CREATE TABLE public.auth_group_permissions (
    id bigint NOT NULL,
    group_id integer NOT NULL,
    permission_id integer NOT NULL
);


ALTER TABLE public.auth_group_permissions OWNER TO "user";

--
-- Name: auth_group_permissions_id_seq; Type: SEQUENCE; Schema: public; Owner: user
--

ALTER TABLE public.auth_group_permissions ALTER COLUMN id ADD GENERATED BY DEFAULT AS IDENTITY (
    SEQUENCE NAME public.auth_group_permissions_id_seq
    START WITH 1
    INCREMENT BY 1
    NO MINVALUE
    NO MAXVALUE
    CACHE 1
);


--
-- Name: auth_permission; Type: TABLE; Schema: public; Owner: user
--

CREATE TABLE public.auth_permission (
    id integer NOT NULL,
    name character varying(255) NOT NULL,
    content_type_id integer NOT NULL,
    codename character varying(100) NOT NULL
);


ALTER TABLE public.auth_permission OWNER TO "user";

--
-- Name: auth_permission_id_seq; Type: SEQUENCE; Schema: public; Owner: user
--

ALTER TABLE public.auth_permission ALTER COLUMN id ADD GENERATED BY DEFAULT AS IDENTITY (
    SEQUENCE NAME public.auth_permission_id_seq
    START WITH 1
    INCREMENT BY 1
    NO MINVALUE
    NO MAXVALUE
    CACHE 1
);


--
-- Name: auth_user; Type: TABLE; Schema: public; Owner: user
--

CREATE TABLE public.auth_user (
    id integer NOT NULL,
    password character varying(128) NOT NULL,
    last_login timestamp with time zone,
    is_superuser boolean NOT NULL,
    username character varying(150) NOT NULL,
    first_name character varying(150) NOT NULL,
    last_name character varying(150) NOT NULL,
    email character varying(254) NOT NULL,
    is_staff boolean NOT NULL,
    is_active boolean NOT NULL,
    date_joined timestamp with time zone NOT NULL
);


ALTER TABLE public.auth_user OWNER TO "user";

--
-- Name: auth_user_groups; Type: TABLE; Schema: public; Owner: user
--

CREATE TABLE public.auth_user_groups (
    id bigint NOT NULL,
    user_id integer NOT NULL,
    group_id integer NOT NULL
);


ALTER TABLE public.auth_user_groups OWNER TO "user";

--
-- Name: auth_user_groups_id_seq; Type: SEQUENCE; Schema: public; Owner: user
--

ALTER TABLE public.auth_user_groups ALTER COLUMN id ADD GENERATED BY DEFAULT AS IDENTITY (
    SEQUENCE NAME public.auth_user_groups_id_seq
    START WITH 1
    INCREMENT BY 1
    NO MINVALUE
    NO MAXVALUE
    CACHE 1
);


--
-- Name: auth_user_id_seq; Type: SEQUENCE; Schema: public; Owner: user
--

ALTER TABLE public.auth_user ALTER COLUMN id ADD GENERATED BY DEFAULT AS IDENTITY (
    SEQUENCE NAME public.auth_user_id_seq
    START WITH 1
    INCREMENT BY 1
    NO MINVALUE
    NO MAXVALUE
    CACHE 1
);


--
-- Name: auth_user_user_permissions; Type: TABLE; Schema: public; Owner: user
--

CREATE TABLE public.auth_user_user_permissions (
    id bigint NOT NULL,
    user_id integer NOT NULL,
    permission_id integer NOT NULL
);


ALTER TABLE public.auth_user_user_permissions OWNER TO "user";

--
-- Name: auth_user_user_permissions_id_seq; Type: SEQUENCE; Schema: public; Owner: user
--

ALTER TABLE public.auth_user_user_permissions ALTER COLUMN id ADD GENERATED BY DEFAULT AS IDENTITY (
    SEQUENCE NAME public.auth_user_user_permissions_id_seq
    START WITH 1
    INCREMENT BY 1
    NO MINVALUE
    NO MAXVALUE
    CACHE 1
);


--
-- Name: authapp_testmodel; Type: TABLE; Schema: public; Owner: user
--

CREATE TABLE public.authapp_testmodel (
    id bigint NOT NULL,
    name character varying(100) NOT NULL,
    created_at timestamp with time zone NOT NULL
);


ALTER TABLE public.authapp_testmodel OWNER TO "user";

--
-- Name: authapp_testmodel_id_seq; Type: SEQUENCE; Schema: public; Owner: user
--

ALTER TABLE public.authapp_testmodel ALTER COLUMN id ADD GENERATED BY DEFAULT AS IDENTITY (
    SEQUENCE NAME public.authapp_testmodel_id_seq
    START WITH 1
    INCREMENT BY 1
    NO MINVALUE
    NO MAXVALUE
    CACHE 1
);


--
-- Name: django_admin_log; Type: TABLE; Schema: public; Owner: user
--

CREATE TABLE public.django_admin_log (
    id integer NOT NULL,
    action_time timestamp with time zone NOT NULL,
    object_id text,
    object_repr character varying(200) NOT NULL,
    action_flag smallint NOT NULL,
    change_message text NOT NULL,
    content_type_id integer,
    user_id integer NOT NULL,
    CONSTRAINT django_admin_log_action_flag_check CHECK ((action_flag >= 0))
);


ALTER TABLE public.django_admin_log OWNER TO "user";

--
-- Name: django_admin_log_id_seq; Type: SEQUENCE; Schema: public; Owner: user
--

ALTER TABLE public.django_admin_log ALTER COLUMN id ADD GENERATED BY DEFAULT AS IDENTITY (
    SEQUENCE NAME public.django_admin_log_id_seq
    START WITH 1
    INCREMENT BY 1
    NO MINVALUE
    NO MAXVALUE
    CACHE 1
);


--
-- Name: django_content_type; Type: TABLE; Schema: public; Owner: user
--

CREATE TABLE public.django_content_type (
    id integer NOT NULL,
    app_label character varying(100) NOT NULL,
    model character varying(100) NOT NULL
);


ALTER TABLE public.django_content_type OWNER TO "user";

--
-- Name: django_content_type_id_seq; Type: SEQUENCE; Schema: public; Owner: user
--

ALTER TABLE public.django_content_type ALTER COLUMN id ADD GENERATED BY DEFAULT AS IDENTITY (
    SEQUENCE NAME public.django_content_type_id_seq
    START WITH 1
    INCREMENT BY 1
    NO MINVALUE
    NO MAXVALUE
    CACHE 1
);


--
-- Name: django_migrations; Type: TABLE; Schema: public; Owner: user
--

CREATE TABLE public.django_migrations (
    id bigint NOT NULL,
    app character varying(255) NOT NULL,
    name character varying(255) NOT NULL,
    applied timestamp with time zone NOT NULL
);


ALTER TABLE public.django_migrations OWNER TO "user";

--
-- Name: django_migrations_id_seq; Type: SEQUENCE; Schema: public; Owner: user
--

ALTER TABLE public.django_migrations ALTER COLUMN id ADD GENERATED BY DEFAULT AS IDENTITY (
    SEQUENCE NAME public.django_migrations_id_seq
    START WITH 1
    INCREMENT BY 1
    NO MINVALUE
    NO MAXVALUE
    CACHE 1
);


--
-- Name: django_session; Type: TABLE; Schema: public; Owner: user
--

CREATE TABLE public.django_session (
    session_key character varying(40) NOT NULL,
    session_data text NOT NULL,
    expire_date timestamp with time zone NOT NULL
);


ALTER TABLE public.django_session OWNER TO "user";

--
-- Name: personal_afp; Type: TABLE; Schema: public; Owner: user
--

CREATE TABLE public.personal_afp (
    id bigint NOT NULL,
    nombre character varying(100) NOT NULL,
    porcentaje_cotizacion numeric(5,2) NOT NULL
);


ALTER TABLE public.personal_afp OWNER TO "user";

--
-- Name: personal_afp_id_seq; Type: SEQUENCE; Schema: public; Owner: user
--

ALTER TABLE public.personal_afp ALTER COLUMN id ADD GENERATED BY DEFAULT AS IDENTITY (
    SEQUENCE NAME public.personal_afp_id_seq
    START WITH 1
    INCREMENT BY 1
    NO MINVALUE
    NO MAXVALUE
    CACHE 1
);


--
-- Name: personal_cargo; Type: TABLE; Schema: public; Owner: user
--

CREATE TABLE public.personal_cargo (
    id bigint NOT NULL,
    nombre character varying(100) NOT NULL,
    departamento_id bigint NOT NULL
);


ALTER TABLE public.personal_cargo OWNER TO "user";

--
-- Name: personal_cargo_id_seq; Type: SEQUENCE; Schema: public; Owner: user
--

ALTER TABLE public.personal_cargo ALTER COLUMN id ADD GENERATED BY DEFAULT AS IDENTITY (
    SEQUENCE NAME public.personal_cargo_id_seq
    START WITH 1
    INCREMENT BY 1
    NO MINVALUE
    NO MAXVALUE
    CACHE 1
);


--
-- Name: personal_contrato; Type: TABLE; Schema: public; Owner: user
--

CREATE TABLE public.personal_contrato (
    id bigint NOT NULL,
    fecha_inicio date NOT NULL,
    fecha_fin date,
    sueldo_base numeric(12,2) NOT NULL,
    empleado_id bigint NOT NULL,
    tipo_contrato character varying(50)
);


ALTER TABLE public.personal_contrato OWNER TO "user";

--
-- Name: personal_contrato_id_seq; Type: SEQUENCE; Schema: public; Owner: user
--

ALTER TABLE public.personal_contrato ALTER COLUMN id ADD GENERATED BY DEFAULT AS IDENTITY (
    SEQUENCE NAME public.personal_contrato_id_seq
    START WITH 1
    INCREMENT BY 1
    NO MINVALUE
    NO MAXVALUE
    CACHE 1
);


--
-- Name: personal_datosprevisionales; Type: TABLE; Schema: public; Owner: user
--

CREATE TABLE public.personal_datosprevisionales (
    id bigint NOT NULL,
    afp_id bigint,
    empleado_id bigint NOT NULL,
    salud_id bigint,
    seguro_cesantia_id bigint
);


ALTER TABLE public.personal_datosprevisionales OWNER TO "user";

--
-- Name: personal_datosprevisionales_id_seq; Type: SEQUENCE; Schema: public; Owner: user
--

ALTER TABLE public.personal_datosprevisionales ALTER COLUMN id ADD GENERATED BY DEFAULT AS IDENTITY (
    SEQUENCE NAME public.personal_datosprevisionales_id_seq
    START WITH 1
    INCREMENT BY 1
    NO MINVALUE
    NO MAXVALUE
    CACHE 1
);


--
-- Name: personal_departamento; Type: TABLE; Schema: public; Owner: user
--

CREATE TABLE public.personal_departamento (
    id bigint NOT NULL,
    nombre character varying(100) NOT NULL
);


ALTER TABLE public.personal_departamento OWNER TO "user";

--
-- Name: personal_departamento_id_seq; Type: SEQUENCE; Schema: public; Owner: user
--

ALTER TABLE public.personal_departamento ALTER COLUMN id ADD GENERATED BY DEFAULT AS IDENTITY (
    SEQUENCE NAME public.personal_departamento_id_seq
    START WITH 1
    INCREMENT BY 1
    NO MINVALUE
    NO MAXVALUE
    CACHE 1
);


--
-- Name: personal_empleado; Type: TABLE; Schema: public; Owner: user
--

CREATE TABLE public.personal_empleado (
    id bigint NOT NULL,
    rut character varying(12) NOT NULL,
    fecha_nacimiento date NOT NULL,
    direccion text NOT NULL,
    telefono character varying(20) NOT NULL,
    cargo_id bigint,
    usuario_id integer,
    apellido_materno character varying(50),
    apellido_paterno character varying(50),
    otros_nombres character varying(100),
    primer_nombre character varying(50),
    empleador_id bigint
);


ALTER TABLE public.personal_empleado OWNER TO "user";

--
-- Name: personal_empleado_id_seq; Type: SEQUENCE; Schema: public; Owner: user
--

ALTER TABLE public.personal_empleado ALTER COLUMN id ADD GENERATED BY DEFAULT AS IDENTITY (
    SEQUENCE NAME public.personal_empleado_id_seq
    START WITH 1
    INCREMENT BY 1
    NO MINVALUE
    NO MAXVALUE
    CACHE 1
);


--
-- Name: personal_empleador; Type: TABLE; Schema: public; Owner: user
--

CREATE TABLE public.personal_empleador (
    id bigint NOT NULL,
    nombre character varying(255) NOT NULL,
    rut character varying(12) NOT NULL,
    direccion character varying(255) NOT NULL
);


ALTER TABLE public.personal_empleador OWNER TO "user";

--
-- Name: personal_empleador_id_seq; Type: SEQUENCE; Schema: public; Owner: user
--

ALTER TABLE public.personal_empleador ALTER COLUMN id ADD GENERATED BY DEFAULT AS IDENTITY (
    SEQUENCE NAME public.personal_empleador_id_seq
    START WITH 1
    INCREMENT BY 1
    NO MINVALUE
    NO MAXVALUE
    CACHE 1
);


--
-- Name: personal_etiqueta; Type: TABLE; Schema: public; Owner: user
--

CREATE TABLE public.personal_etiqueta (
    id bigint NOT NULL,
    nombre character varying(100) NOT NULL
);


ALTER TABLE public.personal_etiqueta OWNER TO "user";

--
-- Name: personal_etiqueta_id_seq; Type: SEQUENCE; Schema: public; Owner: user
--

ALTER TABLE public.personal_etiqueta ALTER COLUMN id ADD GENERATED BY DEFAULT AS IDENTITY (
    SEQUENCE NAME public.personal_etiqueta_id_seq
    START WITH 1
    INCREMENT BY 1
    NO MINVALUE
    NO MAXVALUE
    CACHE 1
);


--
-- Name: personal_haber; Type: TABLE; Schema: public; Owner: user
--

CREATE TABLE public.personal_haber (
    id bigint NOT NULL,
    nombre character varying(100) NOT NULL,
    tipo character varying(20) NOT NULL,
    monto numeric(10,2) NOT NULL,
    liquidacion_id bigint NOT NULL
);


ALTER TABLE public.personal_haber OWNER TO "user";

--
-- Name: personal_haber_id_seq; Type: SEQUENCE; Schema: public; Owner: user
--

ALTER TABLE public.personal_haber ALTER COLUMN id ADD GENERATED BY DEFAULT AS IDENTITY (
    SEQUENCE NAME public.personal_haber_id_seq
    START WITH 1
    INCREMENT BY 1
    NO MINVALUE
    NO MAXVALUE
    CACHE 1
);


--
-- Name: personal_liquidacion; Type: TABLE; Schema: public; Owner: user
--

CREATE TABLE public.personal_liquidacion (
    id bigint NOT NULL,
    sueldo_bruto numeric(12,2),
    total_descuentos numeric(12,2),
    sueldo_liquido numeric(12,2),
    documento character varying(100),
    contrato_id bigint NOT NULL,
    actualizado_en timestamp with time zone NOT NULL,
    cargo_empleado character varying(100) NOT NULL,
    comision_afp numeric(10,2) NOT NULL,
    creado_en timestamp with time zone NOT NULL,
    direccion_empleador character varying(255),
    fecha_ingreso date,
    gratificacion numeric(12,2),
    nombre_afp character varying(100),
    nombre_empleado character varying(200),
    nombre_salud character varying(100),
    nombre_seguro_cesantia character varying(100),
    periodo_inicio date,
    periodo_termino date,
    porcentaje_afp numeric(5,2),
    porcentaje_cesantia_empleador numeric(5,2),
    porcentaje_cesantia_trabajador numeric(5,2),
    porcentaje_salud numeric(5,2),
    razon_social_empleador character varying(255),
    rut_empleado character varying(12),
    rut_empleador character varying(12),
    sueldo_base numeric(12,2),
    tipo_contrato character varying(50),
    tipo_salud character varying(10),
    total_haberes numeric(12,2)
);


ALTER TABLE public.personal_liquidacion OWNER TO "user";

--
-- Name: personal_liquidacion_id_seq; Type: SEQUENCE; Schema: public; Owner: user
--

ALTER TABLE public.personal_liquidacion ALTER COLUMN id ADD GENERATED BY DEFAULT AS IDENTITY (
    SEQUENCE NAME public.personal_liquidacion_id_seq
    START WITH 1
    INCREMENT BY 1
    NO MINVALUE
    NO MAXVALUE
    CACHE 1
);


--
-- Name: personal_otrodescuento; Type: TABLE; Schema: public; Owner: user
--

CREATE TABLE public.personal_otrodescuento (
    id bigint NOT NULL,
    monto numeric(12,2) NOT NULL,
    descripcion character varying(255),
    liquidacion_id bigint NOT NULL,
    tipo_id bigint
);


ALTER TABLE public.personal_otrodescuento OWNER TO "user";

--
-- Name: personal_otrodescuento_id_seq; Type: SEQUENCE; Schema: public; Owner: user
--

ALTER TABLE public.personal_otrodescuento ALTER COLUMN id ADD GENERATED BY DEFAULT AS IDENTITY (
    SEQUENCE NAME public.personal_otrodescuento_id_seq
    START WITH 1
    INCREMENT BY 1
    NO MINVALUE
    NO MAXVALUE
    CACHE 1
);


--
-- Name: personal_palabraclave; Type: TABLE; Schema: public; Owner: user
--

CREATE TABLE public.personal_palabraclave (
    id bigint NOT NULL,
    nombre character varying(100) NOT NULL,
    categoria character varying(50) NOT NULL
);


ALTER TABLE public.personal_palabraclave OWNER TO "user";

--
-- Name: personal_palabraclave_id_seq; Type: SEQUENCE; Schema: public; Owner: user
--

ALTER TABLE public.personal_palabraclave ALTER COLUMN id ADD GENERATED BY DEFAULT AS IDENTITY (
    SEQUENCE NAME public.personal_palabraclave_id_seq
    START WITH 1
    INCREMENT BY 1
    NO MINVALUE
    NO MAXVALUE
    CACHE 1
);


--
-- Name: personal_palabradesconocida; Type: TABLE; Schema: public; Owner: user
--

CREATE TABLE public.personal_palabradesconocida (
    id bigint NOT NULL,
    palabra character varying(100) NOT NULL,
    fecha_detectada timestamp with time zone NOT NULL,
    veces_detectada integer NOT NULL,
    revisada boolean NOT NULL,
    CONSTRAINT personal_palabradesconocida_veces_detectada_check CHECK ((veces_detectada >= 0))
);


ALTER TABLE public.personal_palabradesconocida OWNER TO "user";

--
-- Name: personal_palabradesconocida_id_seq; Type: SEQUENCE; Schema: public; Owner: user
--

ALTER TABLE public.personal_palabradesconocida ALTER COLUMN id ADD GENERATED BY DEFAULT AS IDENTITY (
    SEQUENCE NAME public.personal_palabradesconocida_id_seq
    START WITH 1
    INCREMENT BY 1
    NO MINVALUE
    NO MAXVALUE
    CACHE 1
);


--
-- Name: personal_parametrosistema; Type: TABLE; Schema: public; Owner: user
--

CREATE TABLE public.personal_parametrosistema (
    id bigint NOT NULL,
    nombre character varying(100) NOT NULL,
    valor_decimal numeric(12,2) NOT NULL,
    fecha_vigencia date NOT NULL
);


ALTER TABLE public.personal_parametrosistema OWNER TO "user";

--
-- Name: personal_parametrosistema_id_seq; Type: SEQUENCE; Schema: public; Owner: user
--

ALTER TABLE public.personal_parametrosistema ALTER COLUMN id ADD GENERATED BY DEFAULT AS IDENTITY (
    SEQUENCE NAME public.personal_parametrosistema_id_seq
    START WITH 1
    INCREMENT BY 1
    NO MINVALUE
    NO MAXVALUE
    CACHE 1
);


--
-- Name: personal_permisoausencia; Type: TABLE; Schema: public; Owner: user
--

CREATE TABLE public.personal_permisoausencia (
    id bigint NOT NULL,
    fecha_inicio date NOT NULL,
    fecha_fin date NOT NULL,
    motivo character varying(255) NOT NULL,
    aprobado boolean NOT NULL,
    empleado_id bigint NOT NULL
);


ALTER TABLE public.personal_permisoausencia OWNER TO "user";

--
-- Name: personal_permisoausencia_id_seq; Type: SEQUENCE; Schema: public; Owner: user
--

ALTER TABLE public.personal_permisoausencia ALTER COLUMN id ADD GENERATED BY DEFAULT AS IDENTITY (
    SEQUENCE NAME public.personal_permisoausencia_id_seq
    START WITH 1
    INCREMENT BY 1
    NO MINVALUE
    NO MAXVALUE
    CACHE 1
);


--
-- Name: personal_postulante; Type: TABLE; Schema: public; Owner: user
--

CREATE TABLE public.personal_postulante (
    id bigint NOT NULL,
    primer_nombre character varying(50) NOT NULL,
    otros_nombres character varying(100),
    apellido_paterno character varying(50) NOT NULL,
    apellido_materno character varying(50) NOT NULL,
    direccion text,
    correo character varying(254) NOT NULL,
    telefono character varying(20) NOT NULL,
    curriculum character varying(100),
    estado character varying(20) NOT NULL,
    fecha_postulacion timestamp with time zone NOT NULL,
    cargo_postulado_id bigint
);


ALTER TABLE public.personal_postulante OWNER TO "user";

--
-- Name: personal_postulante_etiquetas; Type: TABLE; Schema: public; Owner: user
--

CREATE TABLE public.personal_postulante_etiquetas (
    id bigint NOT NULL,
    postulante_id bigint NOT NULL,
    etiqueta_id bigint NOT NULL
);


ALTER TABLE public.personal_postulante_etiquetas OWNER TO "user";

--
-- Name: personal_postulante_etiquetas_id_seq; Type: SEQUENCE; Schema: public; Owner: user
--

ALTER TABLE public.personal_postulante_etiquetas ALTER COLUMN id ADD GENERATED BY DEFAULT AS IDENTITY (
    SEQUENCE NAME public.personal_postulante_etiquetas_id_seq
    START WITH 1
    INCREMENT BY 1
    NO MINVALUE
    NO MAXVALUE
    CACHE 1
);


--
-- Name: personal_postulante_id_seq; Type: SEQUENCE; Schema: public; Owner: user
--

ALTER TABLE public.personal_postulante ALTER COLUMN id ADD GENERATED BY DEFAULT AS IDENTITY (
    SEQUENCE NAME public.personal_postulante_id_seq
    START WITH 1
    INCREMENT BY 1
    NO MINVALUE
    NO MAXVALUE
    CACHE 1
);


--
-- Name: personal_registroasistencia; Type: TABLE; Schema: public; Owner: user
--

CREATE TABLE public.personal_registroasistencia (
    id bigint NOT NULL,
    fecha date NOT NULL,
    presente boolean NOT NULL,
    horas_trabajadas numeric(4,2) NOT NULL,
    horas_extras numeric(4,2) NOT NULL,
    empleado_id bigint NOT NULL
);


ALTER TABLE public.personal_registroasistencia OWNER TO "user";

--
-- Name: personal_registroasistencia_id_seq; Type: SEQUENCE; Schema: public; Owner: user
--

ALTER TABLE public.personal_registroasistencia ALTER COLUMN id ADD GENERATED BY DEFAULT AS IDENTITY (
    SEQUENCE NAME public.personal_registroasistencia_id_seq
    START WITH 1
    INCREMENT BY 1
    NO MINVALUE
    NO MAXVALUE
    CACHE 1
);


--
-- Name: personal_salud; Type: TABLE; Schema: public; Owner: user
--

CREATE TABLE public.personal_salud (
    id bigint NOT NULL,
    tipo character varying(10) NOT NULL,
    nombre character varying(100),
    porcentaje_cotizacion numeric(5,2) NOT NULL
);


ALTER TABLE public.personal_salud OWNER TO "user";

--
-- Name: personal_salud_id_seq; Type: SEQUENCE; Schema: public; Owner: user
--

ALTER TABLE public.personal_salud ALTER COLUMN id ADD GENERATED BY DEFAULT AS IDENTITY (
    SEQUENCE NAME public.personal_salud_id_seq
    START WITH 1
    INCREMENT BY 1
    NO MINVALUE
    NO MAXVALUE
    CACHE 1
);


--
-- Name: personal_segurocesantia; Type: TABLE; Schema: public; Owner: user
--

CREATE TABLE public.personal_segurocesantia (
    id bigint NOT NULL,
    porcentaje_trabajador numeric(5,2) NOT NULL,
    porcentaje_empleador numeric(5,2) NOT NULL,
    nombre character varying(100) NOT NULL
);


ALTER TABLE public.personal_segurocesantia OWNER TO "user";

--
-- Name: personal_segurocesantia_id_seq; Type: SEQUENCE; Schema: public; Owner: user
--

ALTER TABLE public.personal_segurocesantia ALTER COLUMN id ADD GENERATED BY DEFAULT AS IDENTITY (
    SEQUENCE NAME public.personal_segurocesantia_id_seq
    START WITH 1
    INCREMENT BY 1
    NO MINVALUE
    NO MAXVALUE
    CACHE 1
);


--
-- Name: personal_tipodescuento; Type: TABLE; Schema: public; Owner: user
--

CREATE TABLE public.personal_tipodescuento (
    id bigint NOT NULL,
    nombre character varying(100) NOT NULL
);


ALTER TABLE public.personal_tipodescuento OWNER TO "user";

--
-- Name: personal_tipodescuento_id_seq; Type: SEQUENCE; Schema: public; Owner: user
--

ALTER TABLE public.personal_tipodescuento ALTER COLUMN id ADD GENERATED BY DEFAULT AS IDENTITY (
    SEQUENCE NAME public.personal_tipodescuento_id_seq
    START WITH 1
    INCREMENT BY 1
    NO MINVALUE
    NO MAXVALUE
    CACHE 1
);


--
-- Data for Name: auth_group; Type: TABLE DATA; Schema: public; Owner: user
--

COPY public.auth_group (id, name) FROM stdin;
\.


--
-- Data for Name: auth_group_permissions; Type: TABLE DATA; Schema: public; Owner: user
--

COPY public.auth_group_permissions (id, group_id, permission_id) FROM stdin;
\.


--
-- Data for Name: auth_permission; Type: TABLE DATA; Schema: public; Owner: user
--

COPY public.auth_permission (id, name, content_type_id, codename) FROM stdin;
1	Can add log entry	1	add_logentry
2	Can change log entry	1	change_logentry
3	Can delete log entry	1	delete_logentry
4	Can view log entry	1	view_logentry
5	Can add permission	2	add_permission
6	Can change permission	2	change_permission
7	Can delete permission	2	delete_permission
8	Can view permission	2	view_permission
9	Can add group	3	add_group
10	Can change group	3	change_group
11	Can delete group	3	delete_group
12	Can view group	3	view_group
13	Can add user	4	add_user
14	Can change user	4	change_user
15	Can delete user	4	delete_user
16	Can view user	4	view_user
17	Can add content type	5	add_contenttype
18	Can change content type	5	change_contenttype
19	Can delete content type	5	delete_contenttype
20	Can view content type	5	view_contenttype
21	Can add session	6	add_session
22	Can change session	6	change_session
23	Can delete session	6	delete_session
24	Can view session	6	view_session
25	Can add test model	7	add_testmodel
26	Can change test model	7	change_testmodel
27	Can delete test model	7	delete_testmodel
28	Can view test model	7	view_testmodel
29	Can add permiso ausencia	8	add_permisoausencia
30	Can change permiso ausencia	8	change_permisoausencia
31	Can delete permiso ausencia	8	delete_permisoausencia
32	Can view permiso ausencia	8	view_permisoausencia
33	Can add empleado	9	add_empleado
34	Can change empleado	9	change_empleado
35	Can delete empleado	9	delete_empleado
36	Can view empleado	9	view_empleado
37	Can add otro descuento	10	add_otrodescuento
38	Can change otro descuento	10	change_otrodescuento
39	Can delete otro descuento	10	delete_otrodescuento
40	Can view otro descuento	10	view_otrodescuento
41	Can add liquidacion	11	add_liquidacion
42	Can change liquidacion	11	change_liquidacion
43	Can delete liquidacion	11	delete_liquidacion
44	Can view liquidacion	11	view_liquidacion
45	Can add registro asistencia	12	add_registroasistencia
46	Can change registro asistencia	12	change_registroasistencia
47	Can delete registro asistencia	12	delete_registroasistencia
48	Can view registro asistencia	12	view_registroasistencia
49	Can add seguro cesantia	13	add_segurocesantia
50	Can change seguro cesantia	13	change_segurocesantia
51	Can delete seguro cesantia	13	delete_segurocesantia
52	Can view seguro cesantia	13	view_segurocesantia
53	Can add contrato	14	add_contrato
54	Can change contrato	14	change_contrato
55	Can delete contrato	14	delete_contrato
56	Can view contrato	14	view_contrato
57	Can add datos previsionales	15	add_datosprevisionales
58	Can change datos previsionales	15	change_datosprevisionales
59	Can delete datos previsionales	15	delete_datosprevisionales
60	Can view datos previsionales	15	view_datosprevisionales
61	Can add cargo	16	add_cargo
62	Can change cargo	16	change_cargo
63	Can delete cargo	16	delete_cargo
64	Can view cargo	16	view_cargo
65	Can add tipo descuento	17	add_tipodescuento
66	Can change tipo descuento	17	change_tipodescuento
67	Can delete tipo descuento	17	delete_tipodescuento
68	Can view tipo descuento	17	view_tipodescuento
69	Can add afp	18	add_afp
70	Can change afp	18	change_afp
71	Can delete afp	18	delete_afp
72	Can view afp	18	view_afp
73	Can add salud	19	add_salud
74	Can change salud	19	change_salud
75	Can delete salud	19	delete_salud
76	Can view salud	19	view_salud
77	Can add departamento	20	add_departamento
78	Can change departamento	20	change_departamento
79	Can delete departamento	20	delete_departamento
80	Can view departamento	20	view_departamento
81	Can add empleador	21	add_empleador
82	Can change empleador	21	change_empleador
83	Can delete empleador	21	delete_empleador
84	Can view empleador	21	view_empleador
85	Can add parametro sistema	22	add_parametrosistema
86	Can change parametro sistema	22	change_parametrosistema
87	Can delete parametro sistema	22	delete_parametrosistema
88	Can view parametro sistema	22	view_parametrosistema
89	Can add haber	23	add_haber
90	Can change haber	23	change_haber
91	Can delete haber	23	delete_haber
92	Can view haber	23	view_haber
93	Can add palabra clave	24	add_palabraclave
94	Can change palabra clave	24	change_palabraclave
95	Can delete palabra clave	24	delete_palabraclave
96	Can view palabra clave	24	view_palabraclave
97	Can add palabra desconocida	25	add_palabradesconocida
98	Can change palabra desconocida	25	change_palabradesconocida
99	Can delete palabra desconocida	25	delete_palabradesconocida
100	Can view palabra desconocida	25	view_palabradesconocida
101	Can add etiqueta	26	add_etiqueta
102	Can change etiqueta	26	change_etiqueta
103	Can delete etiqueta	26	delete_etiqueta
104	Can view etiqueta	26	view_etiqueta
105	Can add postulante	27	add_postulante
106	Can change postulante	27	change_postulante
107	Can delete postulante	27	delete_postulante
108	Can view postulante	27	view_postulante
\.


--
-- Data for Name: auth_user; Type: TABLE DATA; Schema: public; Owner: user
--

COPY public.auth_user (id, password, last_login, is_superuser, username, first_name, last_name, email, is_staff, is_active, date_joined) FROM stdin;
1	pbkdf2_sha256$870000$6YwKkpYLOONivKefUHsyz9$wr9aDa3CFeOm1raGtSA9JLuN1JO5pQ+mZ05u6cwa3GY=	2025-05-02 09:16:34.50341+00	t	admin			nicojjj4@gmail.com	t	t	2025-04-17 01:32:10.66359+00
\.


--
-- Data for Name: auth_user_groups; Type: TABLE DATA; Schema: public; Owner: user
--

COPY public.auth_user_groups (id, user_id, group_id) FROM stdin;
\.


--
-- Data for Name: auth_user_user_permissions; Type: TABLE DATA; Schema: public; Owner: user
--

COPY public.auth_user_user_permissions (id, user_id, permission_id) FROM stdin;
\.


--
-- Data for Name: authapp_testmodel; Type: TABLE DATA; Schema: public; Owner: user
--

COPY public.authapp_testmodel (id, name, created_at) FROM stdin;
1	Registro de prueba	2025-03-27 16:40:05.993634+00
2	Registro de prueba 2	2025-03-27 16:43:09.487199+00
\.


--
-- Data for Name: django_admin_log; Type: TABLE DATA; Schema: public; Owner: user
--

COPY public.django_admin_log (id, action_time, object_id, object_repr, action_flag, change_message, content_type_id, user_id) FROM stdin;
1	2025-04-25 20:59:51.575364+00	1	Tecnología	1	[{"added": {}}]	20	1
2	2025-04-25 21:00:06.075427+00	1	Gerente General (Tecnología)	1	[{"added": {}}]	16	1
3	2025-04-25 21:33:52.081052+00	2	1111111 - Gerente General	1	[{"added": {}}]	9	1
4	2025-05-15 06:42:06.371263+00	2	1111111 - Gerente General	2	[{"changed": {"fields": ["Empleador"]}}]	9	1
5	2025-05-15 06:42:47.162862+00	3	1111123 - Gerente General	2	[{"changed": {"fields": ["Cargo", "Empleador"]}}]	9	1
6	2025-05-15 06:42:51.04079+00	4	111gyu123 - Gerente General	2	[{"changed": {"fields": ["Empleador"]}}]	9	1
7	2025-05-15 06:42:54.851046+00	5	34523543 - Gerente General	2	[{"changed": {"fields": ["Empleador"]}}]	9	1
8	2025-05-15 06:50:01.622704+00	2	Liquidación  111gyu123	2	[]	11	1
\.


--
-- Data for Name: django_content_type; Type: TABLE DATA; Schema: public; Owner: user
--

COPY public.django_content_type (id, app_label, model) FROM stdin;
1	admin	logentry
2	auth	permission
3	auth	group
4	auth	user
5	contenttypes	contenttype
6	sessions	session
7	authapp	testmodel
8	personal	permisoausencia
9	personal	empleado
10	personal	otrodescuento
11	personal	liquidacion
12	personal	registroasistencia
13	personal	segurocesantia
14	personal	contrato
15	personal	datosprevisionales
16	personal	cargo
17	personal	tipodescuento
18	personal	afp
19	personal	salud
20	personal	departamento
21	personal	empleador
22	personal	parametrosistema
23	personal	haber
24	personal	palabraclave
25	personal	palabradesconocida
26	personal	etiqueta
27	personal	postulante
\.


--
-- Data for Name: django_migrations; Type: TABLE DATA; Schema: public; Owner: user
--

COPY public.django_migrations (id, app, name, applied) FROM stdin;
1	contenttypes	0001_initial	2025-03-27 03:30:01.350701+00
2	auth	0001_initial	2025-03-27 03:30:01.411254+00
3	admin	0001_initial	2025-03-27 03:30:01.425355+00
4	admin	0002_logentry_remove_auto_add	2025-03-27 03:30:01.429862+00
5	admin	0003_logentry_add_action_flag_choices	2025-03-27 03:30:01.436455+00
6	contenttypes	0002_remove_content_type_name	2025-03-27 03:30:01.447175+00
7	auth	0002_alter_permission_name_max_length	2025-03-27 03:30:01.45237+00
8	auth	0003_alter_user_email_max_length	2025-03-27 03:30:01.457824+00
9	auth	0004_alter_user_username_opts	2025-03-27 03:30:01.462716+00
10	auth	0005_alter_user_last_login_null	2025-03-27 03:30:01.467825+00
11	auth	0006_require_contenttypes_0002	2025-03-27 03:30:01.469348+00
12	auth	0007_alter_validators_add_error_messages	2025-03-27 03:30:01.474517+00
13	auth	0008_alter_user_username_max_length	2025-03-27 03:30:01.483031+00
14	auth	0009_alter_user_last_name_max_length	2025-03-27 03:30:01.48949+00
15	auth	0010_alter_group_name_max_length	2025-03-27 03:30:01.495441+00
16	auth	0011_update_proxy_permissions	2025-03-27 03:30:01.499646+00
17	auth	0012_alter_user_first_name_max_length	2025-03-27 03:30:01.504619+00
18	sessions	0001_initial	2025-03-27 03:30:01.515989+00
19	authapp	0001_initial	2025-03-27 16:37:40.459731+00
20	personal	0001_initial	2025-04-17 01:30:04.458926+00
21	personal	0002_empleado_apellido_materno_empleado_apellido_paterno_and_more	2025-04-25 21:32:27.468974+00
22	personal	0003_empleador_parametrosistema_and_more	2025-05-15 04:46:44.821028+00
23	personal	0004_empleado_empleador	2025-05-15 05:06:50.196176+00
24	personal	0005_etiqueta_palabraclave_palabradesconocida_postulante	2025-05-21 07:54:25.138602+00
\.


--
-- Data for Name: django_session; Type: TABLE DATA; Schema: public; Owner: user
--

COPY public.django_session (session_key, session_data, expire_date) FROM stdin;
jbay7g7rj1nk4vk3clqs8k0cv1vrgvtv	.eJxVjMEOwiAQRP-FsyG7hQTw6N1vIAvLStWUpLSnxn-3TXrQ48x7M5uKtC41rr3McWR1Vaguv12i_CrTAfhJ06Pp3KZlHpM-FH3Sru-Ny_t2un8HlXrd145CyIxikjXgTAkI1iOx92IkDMAepGBy6BMboDJYS3t0QgyUSNTnC9yVOFA:1u5ED8:yJgNhnD48aiJZJjZrlR1dSeDpQOFSkY_DwSc52xGTQs	2025-05-01 01:38:38.111985+00
9m9v14h2lv9k52ogq0xia7zd8z8k8k7e	.eJxVjMEOwiAQRP-FsyG7hQTw6N1vIAvLStWUpLSnxn-3TXrQ48x7M5uKtC41rr3McWR1Vaguv12i_CrTAfhJ06Pp3KZlHpM-FH3Sru-Ny_t2un8HlXrd145CyIxikjXgTAkI1iOx92IkDMAepGBy6BMboDJYS3t0QgyUSNTnC9yVOFA:1u7p3k:DHPZjItmLq6R-uV-3lsbLLyyeR9s0Xv1638T7-Ck7Xw	2025-05-08 05:23:40.29223+00
enqogbexrgdpw0mu7p5el37rv785qmnr	.eJxVjMEOwiAQRP-FsyG7hQTw6N1vIAvLStWUpLSnxn-3TXrQ48x7M5uKtC41rr3McWR1Vaguv12i_CrTAfhJ06Pp3KZlHpM-FH3Sru-Ny_t2un8HlXrd145CyIxikjXgTAkI1iOx92IkDMAepGBy6BMboDJYS3t0QgyUSNTnC9yVOFA:1uAmVW:k1EGEQJb67DnsuHV-8SE3frk7k8EUYdhoDLqogAtsH8	2025-05-16 09:16:34.507142+00
\.


--
-- Data for Name: personal_afp; Type: TABLE DATA; Schema: public; Owner: user
--

COPY public.personal_afp (id, nombre, porcentaje_cotizacion) FROM stdin;
1	AFP Modelo	10.00
\.


--
-- Data for Name: personal_cargo; Type: TABLE DATA; Schema: public; Owner: user
--

COPY public.personal_cargo (id, nombre, departamento_id) FROM stdin;
1	Gerente General	1
\.


--
-- Data for Name: personal_contrato; Type: TABLE DATA; Schema: public; Owner: user
--

COPY public.personal_contrato (id, fecha_inicio, fecha_fin, sueldo_base, empleado_id, tipo_contrato) FROM stdin;
2	2023-01-01	\N	600000.00	4	indefinido
3	2025-05-16	\N	450000.00	2	Plazo fijo
4	2025-05-16	\N	450000.00	3	Plazo fijo
5	2025-05-16	\N	450000.00	5	Plazo fijo
\.


--
-- Data for Name: personal_datosprevisionales; Type: TABLE DATA; Schema: public; Owner: user
--

COPY public.personal_datosprevisionales (id, afp_id, empleado_id, salud_id, seguro_cesantia_id) FROM stdin;
2	1	4	1	1
\.


--
-- Data for Name: personal_departamento; Type: TABLE DATA; Schema: public; Owner: user
--

COPY public.personal_departamento (id, nombre) FROM stdin;
1	Tecnología
2	Marketing
\.


--
-- Data for Name: personal_empleado; Type: TABLE DATA; Schema: public; Owner: user
--

COPY public.personal_empleado (id, rut, fecha_nacimiento, direccion, telefono, cargo_id, usuario_id, apellido_materno, apellido_paterno, otros_nombres, primer_nombre, empleador_id) FROM stdin;
2	1111111	2000-01-01	mi casa	34534545	1	\N	Guzmán	Bravo	Andrés	Nicolás	1
3	1111123	1999-01-02	fgdfg4534	43554355	1	\N	\N	\N	\N	Juanito	1
4	111gyu123	2025-04-30	fgdfg4534	43554355	1	\N	Pam	Pam	pancho	pan	1
5	34523543	2000-10-13	mi casa	23434234	1	\N	Sanhueza	Henriques	Anais	Dayan	1
\.


--
-- Data for Name: personal_empleador; Type: TABLE DATA; Schema: public; Owner: user
--

COPY public.personal_empleador (id, nombre, rut, direccion) FROM stdin;
1	Empresa Ejemplo SpA	76234567-8	Av. Principal 123
\.


--
-- Data for Name: personal_etiqueta; Type: TABLE DATA; Schema: public; Owner: user
--

COPY public.personal_etiqueta (id, nombre) FROM stdin;
\.


--
-- Data for Name: personal_haber; Type: TABLE DATA; Schema: public; Owner: user
--

COPY public.personal_haber (id, nombre, tipo, monto, liquidacion_id) FROM stdin;
1	hjgj	imponible	6465.00	1
2	pan	imponible	434.00	3
3	dfdfg	imponible	666.00	4
\.


--
-- Data for Name: personal_liquidacion; Type: TABLE DATA; Schema: public; Owner: user
--

COPY public.personal_liquidacion (id, sueldo_bruto, total_descuentos, sueldo_liquido, documento, contrato_id, actualizado_en, cargo_empleado, comision_afp, creado_en, direccion_empleador, fecha_ingreso, gratificacion, nombre_afp, nombre_empleado, nombre_salud, nombre_seguro_cesantia, periodo_inicio, periodo_termino, porcentaje_afp, porcentaje_cesantia_empleador, porcentaje_cesantia_trabajador, porcentaje_salud, razon_social_empleador, rut_empleado, rut_empleador, sueldo_base, tipo_contrato, tipo_salud, total_haberes) FROM stdin;
1	750000.00	456.00	756009.00		2	2025-05-15 06:44:26.770637+00	Gerente General	1.44	2025-05-15 06:44:26.757683+00	Av. Principal 123	2023-01-01	150000.00	AFP Modelo	pan pancho Pam Pam	FONASA	Seguro Cesantía Indefinido	2025-05-14	2025-05-20	10.00	2.40	0.60	7.00	Empresa Ejemplo SpA	111gyu123	76234567-8	600000.00	indefinido	FONASA	756465.00
2	750000.00	0.00	750000.00		2	2025-05-15 06:50:01.620753+00	Gerente General	1.44	2025-05-15 06:49:05+00	Av. Principal 123	2023-01-01	150000.00	AFP Modelo	pan pancho Pam Pam	FONASA	Seguro Cesantía Indefinido	2025-05-07	2025-05-30	10.00	2.40	0.60	7.00	Empresa Ejemplo SpA	111gyu123	76234567-8	600000.00	indefinido	FONASA	750000.00
3	750000.00	345.00	750089.00		2	2025-05-16 06:23:13.934249+00	Gerente General	1.44	2025-05-16 06:23:13.908395+00	Av. Principal 123	2023-01-01	150000.00	AFP Modelo	pan pancho Pam Pam	FONASA	Seguro Cesantía Indefinido	2025-04-30	2025-05-31	10.00	2.40	0.60	7.00	Empresa Ejemplo SpA	111gyu123	76234567-8	600000.00	indefinido	FONASA	750434.00
4	750000.00	324.00	750342.00		2	2025-05-16 07:05:04.511639+00	Gerente General	1.44	2025-05-16 07:05:04.502917+00	Av. Principal 123	2023-01-01	150000.00	AFP Modelo	pan pancho Pam Pam	FONASA	Seguro Cesantía Indefinido	2025-05-15	2025-05-29	10.00	2.40	0.60	7.00	Empresa Ejemplo SpA	111gyu123	76234567-8	600000.00	indefinido	FONASA	750666.00
\.


--
-- Data for Name: personal_otrodescuento; Type: TABLE DATA; Schema: public; Owner: user
--

COPY public.personal_otrodescuento (id, monto, descripcion, liquidacion_id, tipo_id) FROM stdin;
1	456.00	ghf	1	2
2	345.00		3	3
3	324.00		4	4
\.


--
-- Data for Name: personal_palabraclave; Type: TABLE DATA; Schema: public; Owner: user
--

COPY public.personal_palabraclave (id, nombre, categoria) FROM stdin;
\.


--
-- Data for Name: personal_palabradesconocida; Type: TABLE DATA; Schema: public; Owner: user
--

COPY public.personal_palabradesconocida (id, palabra, fecha_detectada, veces_detectada, revisada) FROM stdin;
\.


--
-- Data for Name: personal_parametrosistema; Type: TABLE DATA; Schema: public; Owner: user
--

COPY public.personal_parametrosistema (id, nombre, valor_decimal, fecha_vigencia) FROM stdin;
1	ingreso_minimo_mensual	500000.00	2025-07-01
\.


--
-- Data for Name: personal_permisoausencia; Type: TABLE DATA; Schema: public; Owner: user
--

COPY public.personal_permisoausencia (id, fecha_inicio, fecha_fin, motivo, aprobado, empleado_id) FROM stdin;
\.


--
-- Data for Name: personal_postulante; Type: TABLE DATA; Schema: public; Owner: user
--

COPY public.personal_postulante (id, primer_nombre, otros_nombres, apellido_paterno, apellido_materno, direccion, correo, telefono, curriculum, estado, fecha_postulacion, cargo_postulado_id) FROM stdin;
\.


--
-- Data for Name: personal_postulante_etiquetas; Type: TABLE DATA; Schema: public; Owner: user
--

COPY public.personal_postulante_etiquetas (id, postulante_id, etiqueta_id) FROM stdin;
\.


--
-- Data for Name: personal_registroasistencia; Type: TABLE DATA; Schema: public; Owner: user
--

COPY public.personal_registroasistencia (id, fecha, presente, horas_trabajadas, horas_extras, empleado_id) FROM stdin;
\.


--
-- Data for Name: personal_salud; Type: TABLE DATA; Schema: public; Owner: user
--

COPY public.personal_salud (id, tipo, nombre, porcentaje_cotizacion) FROM stdin;
1	FONASA		7.00
\.


--
-- Data for Name: personal_segurocesantia; Type: TABLE DATA; Schema: public; Owner: user
--

COPY public.personal_segurocesantia (id, porcentaje_trabajador, porcentaje_empleador, nombre) FROM stdin;
1	0.60	2.40	Seguro Cesantía Indefinido
\.


--
-- Data for Name: personal_tipodescuento; Type: TABLE DATA; Schema: public; Owner: user
--

COPY public.personal_tipodescuento (id, nombre) FROM stdin;
1	Anticipo
2	56756
3	gas
4	789
\.


--
-- Name: auth_group_id_seq; Type: SEQUENCE SET; Schema: public; Owner: user
--

SELECT pg_catalog.setval('public.auth_group_id_seq', 1, false);


--
-- Name: auth_group_permissions_id_seq; Type: SEQUENCE SET; Schema: public; Owner: user
--

SELECT pg_catalog.setval('public.auth_group_permissions_id_seq', 1, false);


--
-- Name: auth_permission_id_seq; Type: SEQUENCE SET; Schema: public; Owner: user
--

SELECT pg_catalog.setval('public.auth_permission_id_seq', 108, true);


--
-- Name: auth_user_groups_id_seq; Type: SEQUENCE SET; Schema: public; Owner: user
--

SELECT pg_catalog.setval('public.auth_user_groups_id_seq', 1, false);


--
-- Name: auth_user_id_seq; Type: SEQUENCE SET; Schema: public; Owner: user
--

SELECT pg_catalog.setval('public.auth_user_id_seq', 1, true);


--
-- Name: auth_user_user_permissions_id_seq; Type: SEQUENCE SET; Schema: public; Owner: user
--

SELECT pg_catalog.setval('public.auth_user_user_permissions_id_seq', 1, false);


--
-- Name: authapp_testmodel_id_seq; Type: SEQUENCE SET; Schema: public; Owner: user
--

SELECT pg_catalog.setval('public.authapp_testmodel_id_seq', 2, true);


--
-- Name: django_admin_log_id_seq; Type: SEQUENCE SET; Schema: public; Owner: user
--

SELECT pg_catalog.setval('public.django_admin_log_id_seq', 8, true);


--
-- Name: django_content_type_id_seq; Type: SEQUENCE SET; Schema: public; Owner: user
--

SELECT pg_catalog.setval('public.django_content_type_id_seq', 27, true);


--
-- Name: django_migrations_id_seq; Type: SEQUENCE SET; Schema: public; Owner: user
--

SELECT pg_catalog.setval('public.django_migrations_id_seq', 24, true);


--
-- Name: personal_afp_id_seq; Type: SEQUENCE SET; Schema: public; Owner: user
--

SELECT pg_catalog.setval('public.personal_afp_id_seq', 1, true);


--
-- Name: personal_cargo_id_seq; Type: SEQUENCE SET; Schema: public; Owner: user
--

SELECT pg_catalog.setval('public.personal_cargo_id_seq', 2, true);


--
-- Name: personal_contrato_id_seq; Type: SEQUENCE SET; Schema: public; Owner: user
--

SELECT pg_catalog.setval('public.personal_contrato_id_seq', 5, true);


--
-- Name: personal_datosprevisionales_id_seq; Type: SEQUENCE SET; Schema: public; Owner: user
--

SELECT pg_catalog.setval('public.personal_datosprevisionales_id_seq', 2, true);


--
-- Name: personal_departamento_id_seq; Type: SEQUENCE SET; Schema: public; Owner: user
--

SELECT pg_catalog.setval('public.personal_departamento_id_seq', 2, true);


--
-- Name: personal_empleado_id_seq; Type: SEQUENCE SET; Schema: public; Owner: user
--

SELECT pg_catalog.setval('public.personal_empleado_id_seq', 5, true);


--
-- Name: personal_empleador_id_seq; Type: SEQUENCE SET; Schema: public; Owner: user
--

SELECT pg_catalog.setval('public.personal_empleador_id_seq', 1, true);


--
-- Name: personal_etiqueta_id_seq; Type: SEQUENCE SET; Schema: public; Owner: user
--

SELECT pg_catalog.setval('public.personal_etiqueta_id_seq', 1, false);


--
-- Name: personal_haber_id_seq; Type: SEQUENCE SET; Schema: public; Owner: user
--

SELECT pg_catalog.setval('public.personal_haber_id_seq', 3, true);


--
-- Name: personal_liquidacion_id_seq; Type: SEQUENCE SET; Schema: public; Owner: user
--

SELECT pg_catalog.setval('public.personal_liquidacion_id_seq', 4, true);


--
-- Name: personal_otrodescuento_id_seq; Type: SEQUENCE SET; Schema: public; Owner: user
--

SELECT pg_catalog.setval('public.personal_otrodescuento_id_seq', 3, true);


--
-- Name: personal_palabraclave_id_seq; Type: SEQUENCE SET; Schema: public; Owner: user
--

SELECT pg_catalog.setval('public.personal_palabraclave_id_seq', 1, false);


--
-- Name: personal_palabradesconocida_id_seq; Type: SEQUENCE SET; Schema: public; Owner: user
--

SELECT pg_catalog.setval('public.personal_palabradesconocida_id_seq', 1, false);


--
-- Name: personal_parametrosistema_id_seq; Type: SEQUENCE SET; Schema: public; Owner: user
--

SELECT pg_catalog.setval('public.personal_parametrosistema_id_seq', 1, true);


--
-- Name: personal_permisoausencia_id_seq; Type: SEQUENCE SET; Schema: public; Owner: user
--

SELECT pg_catalog.setval('public.personal_permisoausencia_id_seq', 1, false);


--
-- Name: personal_postulante_etiquetas_id_seq; Type: SEQUENCE SET; Schema: public; Owner: user
--

SELECT pg_catalog.setval('public.personal_postulante_etiquetas_id_seq', 1, false);


--
-- Name: personal_postulante_id_seq; Type: SEQUENCE SET; Schema: public; Owner: user
--

SELECT pg_catalog.setval('public.personal_postulante_id_seq', 1, false);


--
-- Name: personal_registroasistencia_id_seq; Type: SEQUENCE SET; Schema: public; Owner: user
--

SELECT pg_catalog.setval('public.personal_registroasistencia_id_seq', 1, false);


--
-- Name: personal_salud_id_seq; Type: SEQUENCE SET; Schema: public; Owner: user
--

SELECT pg_catalog.setval('public.personal_salud_id_seq', 1, true);


--
-- Name: personal_segurocesantia_id_seq; Type: SEQUENCE SET; Schema: public; Owner: user
--

SELECT pg_catalog.setval('public.personal_segurocesantia_id_seq', 1, true);


--
-- Name: personal_tipodescuento_id_seq; Type: SEQUENCE SET; Schema: public; Owner: user
--

SELECT pg_catalog.setval('public.personal_tipodescuento_id_seq', 4, true);


--
-- Name: auth_group auth_group_name_key; Type: CONSTRAINT; Schema: public; Owner: user
--

ALTER TABLE ONLY public.auth_group
    ADD CONSTRAINT auth_group_name_key UNIQUE (name);


--
-- Name: auth_group_permissions auth_group_permissions_group_id_permission_id_0cd325b0_uniq; Type: CONSTRAINT; Schema: public; Owner: user
--

ALTER TABLE ONLY public.auth_group_permissions
    ADD CONSTRAINT auth_group_permissions_group_id_permission_id_0cd325b0_uniq UNIQUE (group_id, permission_id);


--
-- Name: auth_group_permissions auth_group_permissions_pkey; Type: CONSTRAINT; Schema: public; Owner: user
--

ALTER TABLE ONLY public.auth_group_permissions
    ADD CONSTRAINT auth_group_permissions_pkey PRIMARY KEY (id);


--
-- Name: auth_group auth_group_pkey; Type: CONSTRAINT; Schema: public; Owner: user
--

ALTER TABLE ONLY public.auth_group
    ADD CONSTRAINT auth_group_pkey PRIMARY KEY (id);


--
-- Name: auth_permission auth_permission_content_type_id_codename_01ab375a_uniq; Type: CONSTRAINT; Schema: public; Owner: user
--

ALTER TABLE ONLY public.auth_permission
    ADD CONSTRAINT auth_permission_content_type_id_codename_01ab375a_uniq UNIQUE (content_type_id, codename);


--
-- Name: auth_permission auth_permission_pkey; Type: CONSTRAINT; Schema: public; Owner: user
--

ALTER TABLE ONLY public.auth_permission
    ADD CONSTRAINT auth_permission_pkey PRIMARY KEY (id);


--
-- Name: auth_user_groups auth_user_groups_pkey; Type: CONSTRAINT; Schema: public; Owner: user
--

ALTER TABLE ONLY public.auth_user_groups
    ADD CONSTRAINT auth_user_groups_pkey PRIMARY KEY (id);


--
-- Name: auth_user_groups auth_user_groups_user_id_group_id_94350c0c_uniq; Type: CONSTRAINT; Schema: public; Owner: user
--

ALTER TABLE ONLY public.auth_user_groups
    ADD CONSTRAINT auth_user_groups_user_id_group_id_94350c0c_uniq UNIQUE (user_id, group_id);


--
-- Name: auth_user auth_user_pkey; Type: CONSTRAINT; Schema: public; Owner: user
--

ALTER TABLE ONLY public.auth_user
    ADD CONSTRAINT auth_user_pkey PRIMARY KEY (id);


--
-- Name: auth_user_user_permissions auth_user_user_permissions_pkey; Type: CONSTRAINT; Schema: public; Owner: user
--

ALTER TABLE ONLY public.auth_user_user_permissions
    ADD CONSTRAINT auth_user_user_permissions_pkey PRIMARY KEY (id);


--
-- Name: auth_user_user_permissions auth_user_user_permissions_user_id_permission_id_14a6b632_uniq; Type: CONSTRAINT; Schema: public; Owner: user
--

ALTER TABLE ONLY public.auth_user_user_permissions
    ADD CONSTRAINT auth_user_user_permissions_user_id_permission_id_14a6b632_uniq UNIQUE (user_id, permission_id);


--
-- Name: auth_user auth_user_username_key; Type: CONSTRAINT; Schema: public; Owner: user
--

ALTER TABLE ONLY public.auth_user
    ADD CONSTRAINT auth_user_username_key UNIQUE (username);


--
-- Name: authapp_testmodel authapp_testmodel_pkey; Type: CONSTRAINT; Schema: public; Owner: user
--

ALTER TABLE ONLY public.authapp_testmodel
    ADD CONSTRAINT authapp_testmodel_pkey PRIMARY KEY (id);


--
-- Name: django_admin_log django_admin_log_pkey; Type: CONSTRAINT; Schema: public; Owner: user
--

ALTER TABLE ONLY public.django_admin_log
    ADD CONSTRAINT django_admin_log_pkey PRIMARY KEY (id);


--
-- Name: django_content_type django_content_type_app_label_model_76bd3d3b_uniq; Type: CONSTRAINT; Schema: public; Owner: user
--

ALTER TABLE ONLY public.django_content_type
    ADD CONSTRAINT django_content_type_app_label_model_76bd3d3b_uniq UNIQUE (app_label, model);


--
-- Name: django_content_type django_content_type_pkey; Type: CONSTRAINT; Schema: public; Owner: user
--

ALTER TABLE ONLY public.django_content_type
    ADD CONSTRAINT django_content_type_pkey PRIMARY KEY (id);


--
-- Name: django_migrations django_migrations_pkey; Type: CONSTRAINT; Schema: public; Owner: user
--

ALTER TABLE ONLY public.django_migrations
    ADD CONSTRAINT django_migrations_pkey PRIMARY KEY (id);


--
-- Name: django_session django_session_pkey; Type: CONSTRAINT; Schema: public; Owner: user
--

ALTER TABLE ONLY public.django_session
    ADD CONSTRAINT django_session_pkey PRIMARY KEY (session_key);


--
-- Name: personal_afp personal_afp_pkey; Type: CONSTRAINT; Schema: public; Owner: user
--

ALTER TABLE ONLY public.personal_afp
    ADD CONSTRAINT personal_afp_pkey PRIMARY KEY (id);


--
-- Name: personal_cargo personal_cargo_pkey; Type: CONSTRAINT; Schema: public; Owner: user
--

ALTER TABLE ONLY public.personal_cargo
    ADD CONSTRAINT personal_cargo_pkey PRIMARY KEY (id);


--
-- Name: personal_contrato personal_contrato_empleado_id_key; Type: CONSTRAINT; Schema: public; Owner: user
--

ALTER TABLE ONLY public.personal_contrato
    ADD CONSTRAINT personal_contrato_empleado_id_key UNIQUE (empleado_id);


--
-- Name: personal_contrato personal_contrato_pkey; Type: CONSTRAINT; Schema: public; Owner: user
--

ALTER TABLE ONLY public.personal_contrato
    ADD CONSTRAINT personal_contrato_pkey PRIMARY KEY (id);


--
-- Name: personal_datosprevisionales personal_datosprevisionales_empleado_id_key; Type: CONSTRAINT; Schema: public; Owner: user
--

ALTER TABLE ONLY public.personal_datosprevisionales
    ADD CONSTRAINT personal_datosprevisionales_empleado_id_key UNIQUE (empleado_id);


--
-- Name: personal_datosprevisionales personal_datosprevisionales_pkey; Type: CONSTRAINT; Schema: public; Owner: user
--

ALTER TABLE ONLY public.personal_datosprevisionales
    ADD CONSTRAINT personal_datosprevisionales_pkey PRIMARY KEY (id);


--
-- Name: personal_departamento personal_departamento_pkey; Type: CONSTRAINT; Schema: public; Owner: user
--

ALTER TABLE ONLY public.personal_departamento
    ADD CONSTRAINT personal_departamento_pkey PRIMARY KEY (id);


--
-- Name: personal_empleado personal_empleado_pkey; Type: CONSTRAINT; Schema: public; Owner: user
--

ALTER TABLE ONLY public.personal_empleado
    ADD CONSTRAINT personal_empleado_pkey PRIMARY KEY (id);


--
-- Name: personal_empleado personal_empleado_rut_key; Type: CONSTRAINT; Schema: public; Owner: user
--

ALTER TABLE ONLY public.personal_empleado
    ADD CONSTRAINT personal_empleado_rut_key UNIQUE (rut);


--
-- Name: personal_empleado personal_empleado_usuario_id_key; Type: CONSTRAINT; Schema: public; Owner: user
--

ALTER TABLE ONLY public.personal_empleado
    ADD CONSTRAINT personal_empleado_usuario_id_key UNIQUE (usuario_id);


--
-- Name: personal_empleador personal_empleador_pkey; Type: CONSTRAINT; Schema: public; Owner: user
--

ALTER TABLE ONLY public.personal_empleador
    ADD CONSTRAINT personal_empleador_pkey PRIMARY KEY (id);


--
-- Name: personal_etiqueta personal_etiqueta_nombre_key; Type: CONSTRAINT; Schema: public; Owner: user
--

ALTER TABLE ONLY public.personal_etiqueta
    ADD CONSTRAINT personal_etiqueta_nombre_key UNIQUE (nombre);


--
-- Name: personal_etiqueta personal_etiqueta_pkey; Type: CONSTRAINT; Schema: public; Owner: user
--

ALTER TABLE ONLY public.personal_etiqueta
    ADD CONSTRAINT personal_etiqueta_pkey PRIMARY KEY (id);


--
-- Name: personal_haber personal_haber_pkey; Type: CONSTRAINT; Schema: public; Owner: user
--

ALTER TABLE ONLY public.personal_haber
    ADD CONSTRAINT personal_haber_pkey PRIMARY KEY (id);


--
-- Name: personal_liquidacion personal_liquidacion_pkey; Type: CONSTRAINT; Schema: public; Owner: user
--

ALTER TABLE ONLY public.personal_liquidacion
    ADD CONSTRAINT personal_liquidacion_pkey PRIMARY KEY (id);


--
-- Name: personal_otrodescuento personal_otrodescuento_pkey; Type: CONSTRAINT; Schema: public; Owner: user
--

ALTER TABLE ONLY public.personal_otrodescuento
    ADD CONSTRAINT personal_otrodescuento_pkey PRIMARY KEY (id);


--
-- Name: personal_palabraclave personal_palabraclave_nombre_key; Type: CONSTRAINT; Schema: public; Owner: user
--

ALTER TABLE ONLY public.personal_palabraclave
    ADD CONSTRAINT personal_palabraclave_nombre_key UNIQUE (nombre);


--
-- Name: personal_palabraclave personal_palabraclave_pkey; Type: CONSTRAINT; Schema: public; Owner: user
--

ALTER TABLE ONLY public.personal_palabraclave
    ADD CONSTRAINT personal_palabraclave_pkey PRIMARY KEY (id);


--
-- Name: personal_palabradesconocida personal_palabradesconocida_palabra_key; Type: CONSTRAINT; Schema: public; Owner: user
--

ALTER TABLE ONLY public.personal_palabradesconocida
    ADD CONSTRAINT personal_palabradesconocida_palabra_key UNIQUE (palabra);


--
-- Name: personal_palabradesconocida personal_palabradesconocida_pkey; Type: CONSTRAINT; Schema: public; Owner: user
--

ALTER TABLE ONLY public.personal_palabradesconocida
    ADD CONSTRAINT personal_palabradesconocida_pkey PRIMARY KEY (id);


--
-- Name: personal_parametrosistema personal_parametrosistema_nombre_key; Type: CONSTRAINT; Schema: public; Owner: user
--

ALTER TABLE ONLY public.personal_parametrosistema
    ADD CONSTRAINT personal_parametrosistema_nombre_key UNIQUE (nombre);


--
-- Name: personal_parametrosistema personal_parametrosistema_pkey; Type: CONSTRAINT; Schema: public; Owner: user
--

ALTER TABLE ONLY public.personal_parametrosistema
    ADD CONSTRAINT personal_parametrosistema_pkey PRIMARY KEY (id);


--
-- Name: personal_permisoausencia personal_permisoausencia_pkey; Type: CONSTRAINT; Schema: public; Owner: user
--

ALTER TABLE ONLY public.personal_permisoausencia
    ADD CONSTRAINT personal_permisoausencia_pkey PRIMARY KEY (id);


--
-- Name: personal_postulante_etiquetas personal_postulante_etiq_postulante_id_etiqueta_i_dc60881c_uniq; Type: CONSTRAINT; Schema: public; Owner: user
--

ALTER TABLE ONLY public.personal_postulante_etiquetas
    ADD CONSTRAINT personal_postulante_etiq_postulante_id_etiqueta_i_dc60881c_uniq UNIQUE (postulante_id, etiqueta_id);


--
-- Name: personal_postulante_etiquetas personal_postulante_etiquetas_pkey; Type: CONSTRAINT; Schema: public; Owner: user
--

ALTER TABLE ONLY public.personal_postulante_etiquetas
    ADD CONSTRAINT personal_postulante_etiquetas_pkey PRIMARY KEY (id);


--
-- Name: personal_postulante personal_postulante_pkey; Type: CONSTRAINT; Schema: public; Owner: user
--

ALTER TABLE ONLY public.personal_postulante
    ADD CONSTRAINT personal_postulante_pkey PRIMARY KEY (id);


--
-- Name: personal_registroasistencia personal_registroasistencia_pkey; Type: CONSTRAINT; Schema: public; Owner: user
--

ALTER TABLE ONLY public.personal_registroasistencia
    ADD CONSTRAINT personal_registroasistencia_pkey PRIMARY KEY (id);


--
-- Name: personal_salud personal_salud_pkey; Type: CONSTRAINT; Schema: public; Owner: user
--

ALTER TABLE ONLY public.personal_salud
    ADD CONSTRAINT personal_salud_pkey PRIMARY KEY (id);


--
-- Name: personal_segurocesantia personal_segurocesantia_nombre_key; Type: CONSTRAINT; Schema: public; Owner: user
--

ALTER TABLE ONLY public.personal_segurocesantia
    ADD CONSTRAINT personal_segurocesantia_nombre_key UNIQUE (nombre);


--
-- Name: personal_segurocesantia personal_segurocesantia_pkey; Type: CONSTRAINT; Schema: public; Owner: user
--

ALTER TABLE ONLY public.personal_segurocesantia
    ADD CONSTRAINT personal_segurocesantia_pkey PRIMARY KEY (id);


--
-- Name: personal_tipodescuento personal_tipodescuento_pkey; Type: CONSTRAINT; Schema: public; Owner: user
--

ALTER TABLE ONLY public.personal_tipodescuento
    ADD CONSTRAINT personal_tipodescuento_pkey PRIMARY KEY (id);


--
-- Name: auth_group_name_a6ea08ec_like; Type: INDEX; Schema: public; Owner: user
--

CREATE INDEX auth_group_name_a6ea08ec_like ON public.auth_group USING btree (name varchar_pattern_ops);


--
-- Name: auth_group_permissions_group_id_b120cbf9; Type: INDEX; Schema: public; Owner: user
--

CREATE INDEX auth_group_permissions_group_id_b120cbf9 ON public.auth_group_permissions USING btree (group_id);


--
-- Name: auth_group_permissions_permission_id_84c5c92e; Type: INDEX; Schema: public; Owner: user
--

CREATE INDEX auth_group_permissions_permission_id_84c5c92e ON public.auth_group_permissions USING btree (permission_id);


--
-- Name: auth_permission_content_type_id_2f476e4b; Type: INDEX; Schema: public; Owner: user
--

CREATE INDEX auth_permission_content_type_id_2f476e4b ON public.auth_permission USING btree (content_type_id);


--
-- Name: auth_user_groups_group_id_97559544; Type: INDEX; Schema: public; Owner: user
--

CREATE INDEX auth_user_groups_group_id_97559544 ON public.auth_user_groups USING btree (group_id);


--
-- Name: auth_user_groups_user_id_6a12ed8b; Type: INDEX; Schema: public; Owner: user
--

CREATE INDEX auth_user_groups_user_id_6a12ed8b ON public.auth_user_groups USING btree (user_id);


--
-- Name: auth_user_user_permissions_permission_id_1fbb5f2c; Type: INDEX; Schema: public; Owner: user
--

CREATE INDEX auth_user_user_permissions_permission_id_1fbb5f2c ON public.auth_user_user_permissions USING btree (permission_id);


--
-- Name: auth_user_user_permissions_user_id_a95ead1b; Type: INDEX; Schema: public; Owner: user
--

CREATE INDEX auth_user_user_permissions_user_id_a95ead1b ON public.auth_user_user_permissions USING btree (user_id);


--
-- Name: auth_user_username_6821ab7c_like; Type: INDEX; Schema: public; Owner: user
--

CREATE INDEX auth_user_username_6821ab7c_like ON public.auth_user USING btree (username varchar_pattern_ops);


--
-- Name: django_admin_log_content_type_id_c4bce8eb; Type: INDEX; Schema: public; Owner: user
--

CREATE INDEX django_admin_log_content_type_id_c4bce8eb ON public.django_admin_log USING btree (content_type_id);


--
-- Name: django_admin_log_user_id_c564eba6; Type: INDEX; Schema: public; Owner: user
--

CREATE INDEX django_admin_log_user_id_c564eba6 ON public.django_admin_log USING btree (user_id);


--
-- Name: django_session_expire_date_a5c62663; Type: INDEX; Schema: public; Owner: user
--

CREATE INDEX django_session_expire_date_a5c62663 ON public.django_session USING btree (expire_date);


--
-- Name: django_session_session_key_c0390e0f_like; Type: INDEX; Schema: public; Owner: user
--

CREATE INDEX django_session_session_key_c0390e0f_like ON public.django_session USING btree (session_key varchar_pattern_ops);


--
-- Name: personal_cargo_departamento_id_48b9a580; Type: INDEX; Schema: public; Owner: user
--

CREATE INDEX personal_cargo_departamento_id_48b9a580 ON public.personal_cargo USING btree (departamento_id);


--
-- Name: personal_datosprevisionales_afp_id_aa22fe89; Type: INDEX; Schema: public; Owner: user
--

CREATE INDEX personal_datosprevisionales_afp_id_aa22fe89 ON public.personal_datosprevisionales USING btree (afp_id);


--
-- Name: personal_datosprevisionales_salud_id_36cca7ce; Type: INDEX; Schema: public; Owner: user
--

CREATE INDEX personal_datosprevisionales_salud_id_36cca7ce ON public.personal_datosprevisionales USING btree (salud_id);


--
-- Name: personal_datosprevisionales_seguro_cesantia_id_da9a906b; Type: INDEX; Schema: public; Owner: user
--

CREATE INDEX personal_datosprevisionales_seguro_cesantia_id_da9a906b ON public.personal_datosprevisionales USING btree (seguro_cesantia_id);


--
-- Name: personal_empleado_cargo_id_2fddbf19; Type: INDEX; Schema: public; Owner: user
--

CREATE INDEX personal_empleado_cargo_id_2fddbf19 ON public.personal_empleado USING btree (cargo_id);


--
-- Name: personal_empleado_empleador_id_411777d6; Type: INDEX; Schema: public; Owner: user
--

CREATE INDEX personal_empleado_empleador_id_411777d6 ON public.personal_empleado USING btree (empleador_id);


--
-- Name: personal_empleado_rut_7da814c1_like; Type: INDEX; Schema: public; Owner: user
--

CREATE INDEX personal_empleado_rut_7da814c1_like ON public.personal_empleado USING btree (rut varchar_pattern_ops);


--
-- Name: personal_etiqueta_nombre_a0d316fc_like; Type: INDEX; Schema: public; Owner: user
--

CREATE INDEX personal_etiqueta_nombre_a0d316fc_like ON public.personal_etiqueta USING btree (nombre varchar_pattern_ops);


--
-- Name: personal_haber_liquidacion_id_ae497190; Type: INDEX; Schema: public; Owner: user
--

CREATE INDEX personal_haber_liquidacion_id_ae497190 ON public.personal_haber USING btree (liquidacion_id);


--
-- Name: personal_liquidacion_contrato_id_9917bc49; Type: INDEX; Schema: public; Owner: user
--

CREATE INDEX personal_liquidacion_contrato_id_9917bc49 ON public.personal_liquidacion USING btree (contrato_id);


--
-- Name: personal_otrodescuento_liquidacion_id_6c0616c4; Type: INDEX; Schema: public; Owner: user
--

CREATE INDEX personal_otrodescuento_liquidacion_id_6c0616c4 ON public.personal_otrodescuento USING btree (liquidacion_id);


--
-- Name: personal_otrodescuento_tipo_id_c87d252e; Type: INDEX; Schema: public; Owner: user
--

CREATE INDEX personal_otrodescuento_tipo_id_c87d252e ON public.personal_otrodescuento USING btree (tipo_id);


--
-- Name: personal_palabraclave_nombre_192b3d5b_like; Type: INDEX; Schema: public; Owner: user
--

CREATE INDEX personal_palabraclave_nombre_192b3d5b_like ON public.personal_palabraclave USING btree (nombre varchar_pattern_ops);


--
-- Name: personal_palabradesconocida_palabra_5bea7e43_like; Type: INDEX; Schema: public; Owner: user
--

CREATE INDEX personal_palabradesconocida_palabra_5bea7e43_like ON public.personal_palabradesconocida USING btree (palabra varchar_pattern_ops);


--
-- Name: personal_parametrosistema_nombre_95cfb117_like; Type: INDEX; Schema: public; Owner: user
--

CREATE INDEX personal_parametrosistema_nombre_95cfb117_like ON public.personal_parametrosistema USING btree (nombre varchar_pattern_ops);


--
-- Name: personal_permisoausencia_empleado_id_2531c6fb; Type: INDEX; Schema: public; Owner: user
--

CREATE INDEX personal_permisoausencia_empleado_id_2531c6fb ON public.personal_permisoausencia USING btree (empleado_id);


--
-- Name: personal_postulante_cargo_postulado_id_129e4c0d; Type: INDEX; Schema: public; Owner: user
--

CREATE INDEX personal_postulante_cargo_postulado_id_129e4c0d ON public.personal_postulante USING btree (cargo_postulado_id);


--
-- Name: personal_postulante_etiquetas_etiqueta_id_2d0356e6; Type: INDEX; Schema: public; Owner: user
--

CREATE INDEX personal_postulante_etiquetas_etiqueta_id_2d0356e6 ON public.personal_postulante_etiquetas USING btree (etiqueta_id);


--
-- Name: personal_postulante_etiquetas_postulante_id_7a7c91a8; Type: INDEX; Schema: public; Owner: user
--

CREATE INDEX personal_postulante_etiquetas_postulante_id_7a7c91a8 ON public.personal_postulante_etiquetas USING btree (postulante_id);


--
-- Name: personal_registroasistencia_empleado_id_9c82cf80; Type: INDEX; Schema: public; Owner: user
--

CREATE INDEX personal_registroasistencia_empleado_id_9c82cf80 ON public.personal_registroasistencia USING btree (empleado_id);


--
-- Name: personal_segurocesantia_nombre_a1ba4413_like; Type: INDEX; Schema: public; Owner: user
--

CREATE INDEX personal_segurocesantia_nombre_a1ba4413_like ON public.personal_segurocesantia USING btree (nombre varchar_pattern_ops);


--
-- Name: auth_group_permissions auth_group_permissio_permission_id_84c5c92e_fk_auth_perm; Type: FK CONSTRAINT; Schema: public; Owner: user
--

ALTER TABLE ONLY public.auth_group_permissions
    ADD CONSTRAINT auth_group_permissio_permission_id_84c5c92e_fk_auth_perm FOREIGN KEY (permission_id) REFERENCES public.auth_permission(id) DEFERRABLE INITIALLY DEFERRED;


--
-- Name: auth_group_permissions auth_group_permissions_group_id_b120cbf9_fk_auth_group_id; Type: FK CONSTRAINT; Schema: public; Owner: user
--

ALTER TABLE ONLY public.auth_group_permissions
    ADD CONSTRAINT auth_group_permissions_group_id_b120cbf9_fk_auth_group_id FOREIGN KEY (group_id) REFERENCES public.auth_group(id) DEFERRABLE INITIALLY DEFERRED;


--
-- Name: auth_permission auth_permission_content_type_id_2f476e4b_fk_django_co; Type: FK CONSTRAINT; Schema: public; Owner: user
--

ALTER TABLE ONLY public.auth_permission
    ADD CONSTRAINT auth_permission_content_type_id_2f476e4b_fk_django_co FOREIGN KEY (content_type_id) REFERENCES public.django_content_type(id) DEFERRABLE INITIALLY DEFERRED;


--
-- Name: auth_user_groups auth_user_groups_group_id_97559544_fk_auth_group_id; Type: FK CONSTRAINT; Schema: public; Owner: user
--

ALTER TABLE ONLY public.auth_user_groups
    ADD CONSTRAINT auth_user_groups_group_id_97559544_fk_auth_group_id FOREIGN KEY (group_id) REFERENCES public.auth_group(id) DEFERRABLE INITIALLY DEFERRED;


--
-- Name: auth_user_groups auth_user_groups_user_id_6a12ed8b_fk_auth_user_id; Type: FK CONSTRAINT; Schema: public; Owner: user
--

ALTER TABLE ONLY public.auth_user_groups
    ADD CONSTRAINT auth_user_groups_user_id_6a12ed8b_fk_auth_user_id FOREIGN KEY (user_id) REFERENCES public.auth_user(id) DEFERRABLE INITIALLY DEFERRED;


--
-- Name: auth_user_user_permissions auth_user_user_permi_permission_id_1fbb5f2c_fk_auth_perm; Type: FK CONSTRAINT; Schema: public; Owner: user
--

ALTER TABLE ONLY public.auth_user_user_permissions
    ADD CONSTRAINT auth_user_user_permi_permission_id_1fbb5f2c_fk_auth_perm FOREIGN KEY (permission_id) REFERENCES public.auth_permission(id) DEFERRABLE INITIALLY DEFERRED;


--
-- Name: auth_user_user_permissions auth_user_user_permissions_user_id_a95ead1b_fk_auth_user_id; Type: FK CONSTRAINT; Schema: public; Owner: user
--

ALTER TABLE ONLY public.auth_user_user_permissions
    ADD CONSTRAINT auth_user_user_permissions_user_id_a95ead1b_fk_auth_user_id FOREIGN KEY (user_id) REFERENCES public.auth_user(id) DEFERRABLE INITIALLY DEFERRED;


--
-- Name: django_admin_log django_admin_log_content_type_id_c4bce8eb_fk_django_co; Type: FK CONSTRAINT; Schema: public; Owner: user
--

ALTER TABLE ONLY public.django_admin_log
    ADD CONSTRAINT django_admin_log_content_type_id_c4bce8eb_fk_django_co FOREIGN KEY (content_type_id) REFERENCES public.django_content_type(id) DEFERRABLE INITIALLY DEFERRED;


--
-- Name: django_admin_log django_admin_log_user_id_c564eba6_fk_auth_user_id; Type: FK CONSTRAINT; Schema: public; Owner: user
--

ALTER TABLE ONLY public.django_admin_log
    ADD CONSTRAINT django_admin_log_user_id_c564eba6_fk_auth_user_id FOREIGN KEY (user_id) REFERENCES public.auth_user(id) DEFERRABLE INITIALLY DEFERRED;


--
-- Name: personal_cargo personal_cargo_departamento_id_48b9a580_fk_personal_; Type: FK CONSTRAINT; Schema: public; Owner: user
--

ALTER TABLE ONLY public.personal_cargo
    ADD CONSTRAINT personal_cargo_departamento_id_48b9a580_fk_personal_ FOREIGN KEY (departamento_id) REFERENCES public.personal_departamento(id) DEFERRABLE INITIALLY DEFERRED;


--
-- Name: personal_contrato personal_contrato_empleado_id_684ab0d9_fk_personal_empleado_id; Type: FK CONSTRAINT; Schema: public; Owner: user
--

ALTER TABLE ONLY public.personal_contrato
    ADD CONSTRAINT personal_contrato_empleado_id_684ab0d9_fk_personal_empleado_id FOREIGN KEY (empleado_id) REFERENCES public.personal_empleado(id) DEFERRABLE INITIALLY DEFERRED;


--
-- Name: personal_datosprevisionales personal_datosprevis_empleado_id_b6447499_fk_personal_; Type: FK CONSTRAINT; Schema: public; Owner: user
--

ALTER TABLE ONLY public.personal_datosprevisionales
    ADD CONSTRAINT personal_datosprevis_empleado_id_b6447499_fk_personal_ FOREIGN KEY (empleado_id) REFERENCES public.personal_empleado(id) DEFERRABLE INITIALLY DEFERRED;


--
-- Name: personal_datosprevisionales personal_datosprevis_salud_id_36cca7ce_fk_personal_; Type: FK CONSTRAINT; Schema: public; Owner: user
--

ALTER TABLE ONLY public.personal_datosprevisionales
    ADD CONSTRAINT personal_datosprevis_salud_id_36cca7ce_fk_personal_ FOREIGN KEY (salud_id) REFERENCES public.personal_salud(id) DEFERRABLE INITIALLY DEFERRED;


--
-- Name: personal_datosprevisionales personal_datosprevis_seguro_cesantia_id_da9a906b_fk_personal_; Type: FK CONSTRAINT; Schema: public; Owner: user
--

ALTER TABLE ONLY public.personal_datosprevisionales
    ADD CONSTRAINT personal_datosprevis_seguro_cesantia_id_da9a906b_fk_personal_ FOREIGN KEY (seguro_cesantia_id) REFERENCES public.personal_segurocesantia(id) DEFERRABLE INITIALLY DEFERRED;


--
-- Name: personal_datosprevisionales personal_datosprevisionales_afp_id_aa22fe89_fk_personal_afp_id; Type: FK CONSTRAINT; Schema: public; Owner: user
--

ALTER TABLE ONLY public.personal_datosprevisionales
    ADD CONSTRAINT personal_datosprevisionales_afp_id_aa22fe89_fk_personal_afp_id FOREIGN KEY (afp_id) REFERENCES public.personal_afp(id) DEFERRABLE INITIALLY DEFERRED;


--
-- Name: personal_empleado personal_empleado_cargo_id_2fddbf19_fk_personal_cargo_id; Type: FK CONSTRAINT; Schema: public; Owner: user
--

ALTER TABLE ONLY public.personal_empleado
    ADD CONSTRAINT personal_empleado_cargo_id_2fddbf19_fk_personal_cargo_id FOREIGN KEY (cargo_id) REFERENCES public.personal_cargo(id) DEFERRABLE INITIALLY DEFERRED;


--
-- Name: personal_empleado personal_empleado_empleador_id_411777d6_fk_personal_; Type: FK CONSTRAINT; Schema: public; Owner: user
--

ALTER TABLE ONLY public.personal_empleado
    ADD CONSTRAINT personal_empleado_empleador_id_411777d6_fk_personal_ FOREIGN KEY (empleador_id) REFERENCES public.personal_empleador(id) DEFERRABLE INITIALLY DEFERRED;


--
-- Name: personal_empleado personal_empleado_usuario_id_ce14f643_fk_auth_user_id; Type: FK CONSTRAINT; Schema: public; Owner: user
--

ALTER TABLE ONLY public.personal_empleado
    ADD CONSTRAINT personal_empleado_usuario_id_ce14f643_fk_auth_user_id FOREIGN KEY (usuario_id) REFERENCES public.auth_user(id) DEFERRABLE INITIALLY DEFERRED;


--
-- Name: personal_haber personal_haber_liquidacion_id_ae497190_fk_personal_; Type: FK CONSTRAINT; Schema: public; Owner: user
--

ALTER TABLE ONLY public.personal_haber
    ADD CONSTRAINT personal_haber_liquidacion_id_ae497190_fk_personal_ FOREIGN KEY (liquidacion_id) REFERENCES public.personal_liquidacion(id) DEFERRABLE INITIALLY DEFERRED;


--
-- Name: personal_liquidacion personal_liquidacion_contrato_id_9917bc49_fk_personal_; Type: FK CONSTRAINT; Schema: public; Owner: user
--

ALTER TABLE ONLY public.personal_liquidacion
    ADD CONSTRAINT personal_liquidacion_contrato_id_9917bc49_fk_personal_ FOREIGN KEY (contrato_id) REFERENCES public.personal_contrato(id) DEFERRABLE INITIALLY DEFERRED;


--
-- Name: personal_otrodescuento personal_otrodescuen_liquidacion_id_6c0616c4_fk_personal_; Type: FK CONSTRAINT; Schema: public; Owner: user
--

ALTER TABLE ONLY public.personal_otrodescuento
    ADD CONSTRAINT personal_otrodescuen_liquidacion_id_6c0616c4_fk_personal_ FOREIGN KEY (liquidacion_id) REFERENCES public.personal_liquidacion(id) DEFERRABLE INITIALLY DEFERRED;


--
-- Name: personal_otrodescuento personal_otrodescuen_tipo_id_c87d252e_fk_personal_; Type: FK CONSTRAINT; Schema: public; Owner: user
--

ALTER TABLE ONLY public.personal_otrodescuento
    ADD CONSTRAINT personal_otrodescuen_tipo_id_c87d252e_fk_personal_ FOREIGN KEY (tipo_id) REFERENCES public.personal_tipodescuento(id) DEFERRABLE INITIALLY DEFERRED;


--
-- Name: personal_permisoausencia personal_permisoause_empleado_id_2531c6fb_fk_personal_; Type: FK CONSTRAINT; Schema: public; Owner: user
--

ALTER TABLE ONLY public.personal_permisoausencia
    ADD CONSTRAINT personal_permisoause_empleado_id_2531c6fb_fk_personal_ FOREIGN KEY (empleado_id) REFERENCES public.personal_empleado(id) DEFERRABLE INITIALLY DEFERRED;


--
-- Name: personal_postulante_etiquetas personal_postulante__etiqueta_id_2d0356e6_fk_personal_; Type: FK CONSTRAINT; Schema: public; Owner: user
--

ALTER TABLE ONLY public.personal_postulante_etiquetas
    ADD CONSTRAINT personal_postulante__etiqueta_id_2d0356e6_fk_personal_ FOREIGN KEY (etiqueta_id) REFERENCES public.personal_etiqueta(id) DEFERRABLE INITIALLY DEFERRED;


--
-- Name: personal_postulante_etiquetas personal_postulante__postulante_id_7a7c91a8_fk_personal_; Type: FK CONSTRAINT; Schema: public; Owner: user
--

ALTER TABLE ONLY public.personal_postulante_etiquetas
    ADD CONSTRAINT personal_postulante__postulante_id_7a7c91a8_fk_personal_ FOREIGN KEY (postulante_id) REFERENCES public.personal_postulante(id) DEFERRABLE INITIALLY DEFERRED;


--
-- Name: personal_postulante personal_postulante_cargo_postulado_id_129e4c0d_fk_personal_; Type: FK CONSTRAINT; Schema: public; Owner: user
--

ALTER TABLE ONLY public.personal_postulante
    ADD CONSTRAINT personal_postulante_cargo_postulado_id_129e4c0d_fk_personal_ FOREIGN KEY (cargo_postulado_id) REFERENCES public.personal_cargo(id) DEFERRABLE INITIALLY DEFERRED;


--
-- Name: personal_registroasistencia personal_registroasi_empleado_id_9c82cf80_fk_personal_; Type: FK CONSTRAINT; Schema: public; Owner: user
--

ALTER TABLE ONLY public.personal_registroasistencia
    ADD CONSTRAINT personal_registroasi_empleado_id_9c82cf80_fk_personal_ FOREIGN KEY (empleado_id) REFERENCES public.personal_empleado(id) DEFERRABLE INITIALLY DEFERRED;


--
-- PostgreSQL database dump complete
--

